trial,state,objective_neg_log_loss,best_so_far,datetime_start,datetime_complete,duration_seconds,param_n_estimators,param_learning_rate,param_max_depth,param_min_child_weight,param_subsample,param_colsample_bytree,param_reg_lambda
0,COMPLETE,-0.38311728652740856,-0.38311728652740856,2026-08-09 20:37:37.274628,2026-08-09 20:38:32.987833,55.713205,600,0.2536999076681772,8,6.009974718380312,0.6624074561769746,0.662397808134481,0.0017073967431528124
1,COMPLETE,-0.35238610846068863,-0.35238610846068863,2026-08-09 20:38:32.996755,2026-08-09 20:39:54.242068,81.245313,1100,0.07725378389307355,8,1.0636066512540283,0.9879639408647978,0.9329770563201687,0.0070689749506246055
2,COMPLETE,-0.28710342674210537,-0.28710342674210537,2026-08-09 20:39:54.249545,2026-08-09 20:40:20.982697,26.733152,400,0.018659959624904916,5,4.816414530907083,0.7727780074568463,0.7164916560792167,0.2801635158716261
3,COMPLETE,-0.2871360053619604,-0.28710342674210537,2026-08-09 20:40:20.990266,2026-08-09 20:40:41.572397,20.582131,300,0.027010527749605478,5,3.920673972242136,0.9140703845572055,0.6798695128633439,0.11400863701127326
4,COMPLETE,-0.2874282956370944,-0.28710342674210537,2026-08-09 20:40:41.580592,2026-08-09 20:41:44.918798,63.338206,800,0.011711509955524094,7,1.6666983286066417,0.6260206371941118,0.9795542149013333,7.2866537374910445
5,COMPLETE,-0.28787426249112535,-0.28710342674210537,2026-08-09 20:41:44.926305,2026-08-09 20:42:37.093548,52.167243,1000,0.028180680291847244,3,7.766184280392884,0.7760609974958406,0.6488152939379115,0.09565499215943825
6,COMPLETE,-0.29685601706705617,-0.28710342674210537,2026-08-09 20:42:37.101204,2026-08-09 20:42:52.943539,15.842335,200,0.22038218939289875,5,7.277150634170934,0.7246844304357644,0.8080272084711243,0.1537592023548176
7,COMPLETE,-0.32749476410256906,-0.28710342674210537,2026-08-09 20:42:52.950882,2026-08-09 20:43:31.175594,38.224712,400,0.27051668818999286,9,16.684619386293466,0.9579309401710595,0.8391599915244341,4.869640941520899
8,COMPLETE,-0.28982711873781086,-0.28710342674210537,2026-08-09 20:43:31.190016,2026-08-09 20:43:46.048235,14.858219,200,0.01947558230629543,3,2.6501137707458966,0.7554709158757928,0.7085396127095583,2.0651425578959257
9,COMPLETE,-0.28737663354531345,-0.28710342674210537,2026-08-09 20:43:46.055418,2026-08-09 20:44:27.407393,41.351975,500,0.026000059117302653,7,1.5252697030515172,0.9208787923016158,0.6298202574719083,8.862326508576253
10,PRUNED,-0.31156372319194425,-0.28710342674210537,2026-08-09 20:44:27.416113,2026-08-09 20:44:58.350351,30.934238,800,0.07135266297356625,10,16.32817699779017,0.8382907833122346,0.7691916747973934,0.6675857013831901
11,COMPLETE,-0.28791162510811963,-0.28710342674210537,2026-08-09 20:44:58.360414,2026-08-09 20:45:27.345145,28.984731,400,0.04331321634217202,5,3.775114070887783,0.8788623593360378,0.7281272798971883,0.054629230988272014
12,PRUNED,-0.28825250789620965,-0.28710342674210537,2026-08-09 20:45:27.352534,2026-08-09 20:45:47.053696,19.701162,300,0.011216702279471467,5,4.007913935495436,0.8526572036602055,0.6029498274479523,0.43184071158084364
13,PRUNED,-0.2889127183652397,-0.28710342674210537,2026-08-09 20:45:47.060628,2026-08-09 20:46:00.432250,13.371622,600,0.04924185908787293,4,3.592204777555291,0.7897130730662164,0.7064745186681746,0.02206098640593622
14,COMPLETE,-0.28725015134866494,-0.28710342674210537,2026-08-09 20:46:00.439383,2026-08-09 20:46:31.855044,31.415661,400,0.01742988743481708,6,11.363322222315164,0.6978753170579768,0.865362571444793,0.5661324486824437
15,COMPLETE,-0.2877677102327449,-0.28710342674210537,2026-08-09 20:46:31.862538,2026-08-09 20:47:08.284296,36.421758,700,0.03081757006866543,4,2.4999733300139253,0.9150721343926739,0.7653656398770852,0.021728691181566718
16,COMPLETE,-0.28727413472930996,-0.28710342674210537,2026-08-09 20:47:08.291435,2026-08-09 20:47:32.278369,23.986934,300,0.017223008021498697,6,5.314335109629847,0.8126434416562789,0.6791279934852684,0.22913275045852932
17,PRUNED,-0.290018830764476,-0.28710342674210537,2026-08-09 20:47:32.285319,2026-08-09 20:47:42.971867,10.686548,500,0.08768701749080461,4,9.776042572157433,0.8906087840241121,0.7621685341038414,2.047147040324719
18,PRUNED,-0.2997986807520308,-0.28710342674210537,2026-08-09 20:47:42.978992,2026-08-09 20:47:49.759035,6.780043,200,0.1514527034326908,6,2.6629657651809344,0.6042706732076327,0.8907859007152179,0.03281292907267304
19,PRUNED,-0.29257675231711966,-0.28710342674210537,2026-08-09 20:47:49.766713,2026-08-09 20:48:05.024361,15.257648,500,0.044088914536090144,7,4.878331183965561,0.7294464743932147,0.8096254890448927,0.007787624170325366
20,COMPLETE,-0.28720732587631403,-0.28710342674210537,2026-08-09 20:48:05.032126,2026-08-09 20:49:11.484538,66.452412,1200,0.014849182925088458,5,1.9832560049764825,0.9545462725763872,0.6002822095881948,1.3689269716665569
21,COMPLETE,-0.2873137392111473,-0.28710342674210537,2026-08-09 20:49:11.492316,2026-08-09 20:50:18.929495,67.437179,1200,0.014573217905955945,5,1.9820348653570512,0.9970714222638276,0.6049023671174069,1.361819516134504
22,COMPLETE,-0.28743489689872914,-0.28710342674210537,2026-08-09 20:50:18.937121,2026-08-09 20:51:03.376916,44.439795,900,0.022591371120078522,4,1.132618525796763,0.9481171021489336,0.679865045528326,0.25197054625499515
23,PRUNED,-0.29293073404194814,-0.28710342674210537,2026-08-09 20:51:03.384063,2026-08-09 20:51:30.658764,27.274701,1200,0.036054076072457655,6,3.3561060258444515,0.9534560422137212,0.6380459900150156,1.011122233827195
24,COMPLETE,-0.28686327857323185,-0.28686327857323185,2026-08-09 20:51:30.665864,2026-08-09 20:52:37.596495,66.930631,1000,0.010008685323052486,5,2.105808375544311,0.8669343086842967,0.7309741473288918,0.08431980398780643
25,PRUNED,-0.28871794825773667,-0.28686327857323185,2026-08-09 20:52:37.603684,2026-08-09 20:52:58.019415,20.415731,1000,0.010608169900193873,3,4.595325998105471,0.8395606067323071,0.7367000926452868,0.08293192463852589
26,PRUNED,-0.28856662189635773,-0.28686327857323185,2026-08-09 20:52:58.034400,2026-08-09 20:53:06.143505,8.109105,300,0.021961339044347095,4,6.431576670545187,0.885769826491622,0.702471083474116,0.13504728487818093
27,COMPLETE,-0.28699011644841077,-0.28686327857323185,2026-08-09 20:53:06.150443,2026-08-09 20:53:52.805872,46.655429,700,0.013992446254539853,6,2.945726028389807,0.8021499003740785,0.7996037522585402,0.009419764524068445
28,COMPLETE,-0.286975414001737,-0.28686327857323185,2026-08-09 20:53:52.813757,2026-08-09 20:54:44.368232,51.554475,800,0.013960901507146338,6,3.0437329448207366,0.8050349940979478,0.8033426160080553,0.0013189728028275163
29,PRUNED,-0.2888818325947647,-0.28686327857323185,2026-08-09 20:54:44.376299,2026-08-09 20:55:21.228578,36.852279,800,0.013827957155210084,8,2.953634318088135,0.8094493884808908,0.791639531148827,0.0012785062939921223
30,COMPLETE,-0.28698633165588483,-0.28686327857323185,2026-08-09 20:55:21.236172,2026-08-09 20:56:13.025936,51.789764,700,0.010484032982955499,7,2.038817556645508,0.6721893317049088,0.8501092425167033,0.004069101804282367
31,PRUNED,-0.2879929091213423,-0.28686327857323185,2026-08-09 20:56:13.033689,2026-08-09 20:56:43.759042,30.725353,700,0.013363212808377075,7,2.130180336457865,0.6546829988271895,0.841014191059351,0.003376232122033663
32,RUNNING,,-0.28686327857323185,2026-08-09 20:56:43.766335,,,900,0.010097464711562957,8,1.4626635013599607,0.6771511237153722,0.8807609308824468,0.0036282966259517002
33,PRUNED,-0.2887087058915642,-0.28686327857323185,2026-08-09 21:42:06.356520,2026-08-09 21:42:35.363685,29.007165,900,0.010067355603065818,8,1.3286289698047251,0.6880226502358202,0.8932793377618083,0.002832289196479025
34,COMPLETE,-0.2870164096929722,-0.28686327857323185,2026-08-09 21:42:35.374285,2026-08-09 21:43:15.656998,40.282713,700,0.01288577123421827,6,2.318880791382,0.7424364893339975,0.8335848962700466,0.006518361887713443
35,PRUNED,-0.2892626274931583,-0.28686327857323185,2026-08-09 21:43:15.664325,2026-08-09 21:43:37.167233,21.502908,900,0.016805746164303473,7,1.5962567275058956,0.8052191297833575,0.9315167385246619,0.0024402266972514924
36,COMPLETE,-0.28692945320550206,-0.28686327857323185,2026-08-09 21:43:37.173877,2026-08-09 21:44:19.538084,42.364207,600,0.010709213923207507,8,3.0858444803277347,0.8543780165008386,0.7817408376330597,0.00996633969563879
37,COMPLETE,-0.28732544962744816,-0.28686327857323185,2026-08-09 21:44:19.544580,2026-08-09 21:45:07.413469,47.868889,600,0.010035201458888232,9,1.7684539434310451,0.854678371162756,0.7475975995129549,0.0011964888873395936
38,PRUNED,-0.29087327198290647,-0.28686327857323185,2026-08-09 21:45:07.420100,2026-08-09 21:45:38.025475,30.605375,1000,0.01207940375612319,9,3.1587026878914584,0.8287415038993774,0.8730658450183052,0.004914746769070139
39,PRUNED,-0.29617573259535745,-0.28686327857323185,2026-08-09 21:45:38.036801,2026-08-09 21:46:10.444896,32.408095,1100,0.020983974554700253,8,1.1214631695592767,0.8682003767445046,0.7840737058161316,0.0022430914691339687
40,PRUNED,-0.28867229332819444,-0.28686327857323185,2026-08-09 21:46:10.459518,2026-08-09 21:46:32.368856,21.909338,800,0.015518096199148053,7,1.3599864842658744,0.7686257202142588,0.8212464974500824,0.012593966891684315
41,PRUNED,-0.2917619905442177,-0.28686327857323185,2026-08-09 21:46:32.378639,2026-08-09 21:47:07.690556,35.311917,1100,0.01190954168932063,9,2.191018457817053,0.6570601432847848,0.939367774191936,0.004508225350368558
42,COMPLETE,-0.28679179175195724,-0.28679179175195724,2026-08-09 21:47:07.700413,2026-08-09 21:47:53.778553,46.07814,700,0.012879376156858092,6,2.972700753925454,0.7893469071539068,0.787776780384075,0.009702995304521818
43,PRUNED,-0.28807216450058815,-0.28679179175195724,2026-08-09 21:47:53.785696,2026-08-09 21:48:10.334042,16.548346,600,0.012432109984605906,7,2.7072367250814744,0.7035336573709206,0.7832301891199313,0.014746328736668505
44,PRUNED,-0.2906696806852088,-0.28679179175195724,2026-08-09 21:48:10.342061,2026-08-09 21:48:31.163282,20.821221,800,0.01867351893560712,8,4.315592608193172,0.8983222244891376,0.8603990488930295,0.0017499218429333663
45,PRUNED,-0.2885569695313308,-0.28679179175195724,2026-08-09 21:48:31.171730,2026-08-09 21:48:54.425410,23.25368,700,0.023946591365934675,6,1.8780829916578756,0.7814642143001149,0.7505654253697462,0.054782764426991516
46,COMPLETE,-0.28693924877130766,-0.28679179175195724,2026-08-09 21:48:54.433575,2026-08-09 21:49:37.519419,43.085844,600,0.011307151072146632,8,3.3561060258444515,0.8304171957458313,0.8245595000468724,0.004356591185947706
47,PRUNED,-0.2894961930347938,-0.28679179175195724,2026-08-09 21:49:37.526449,2026-08-09 21:49:59.768335,22.241886,500,0.016482543876464185,10,3.615261264667065,0.8612550113764099,0.8170008654794378,0.023556350539022972
48,COMPLETE,-0.2870762651734545,-0.28679179175195724,2026-08-09 21:49:59.776056,2026-08-09 21:50:45.688643,45.912587,600,0.011945380742448157,9,5.604713553150512,0.8237943072170797,0.7741966626735901,0.012208013555844915
49,PRUNED,-0.28810569344823944,-0.28679179175195724,2026-08-09 21:50:45.695391,2026-08-09 21:51:12.932947,27.237556,900,0.019160776322716466,5,2.411277690891278,0.7540607274601175,0.7234886987502767,0.03972935818477574
50,PRUNED,-0.29094385451154015,-0.28679179175195724,2026-08-09 21:51:12.941097,2026-08-09 21:51:26.953745,14.012648,500,0.027770801744460647,8,3.1610976600319316,0.8380122196638172,0.8249467148392524,0.0016629930878683055
51,COMPLETE,-0.2871823948996818,-0.28679179175195724,2026-08-09 21:51:26.961268,2026-08-09 21:51:58.647930,31.686662,600,0.0150772313118278,5,4.359375969305981,0.9284360826200904,0.7989482805929372,0.006577975755528821
52,COMPLETE,-0.28686925892852655,-0.28679179175195724,2026-08-10 02:51:15.464724,2026-08-10 02:52:09.610793,54.146069,800,0.010033661131625163,7,2.7727100737452246,0.7925404828064408,0.8502138401825626,0.004088137703916443
53,PRUNED,-0.2882093344266526,-0.28679179175195724,2026-08-10 02:52:09.623822,2026-08-10 02:52:41.925713,32.301891,800,0.011944964970846197,8,2.819676471901068,0.7913604098728455,0.7516982141707205,0.005324759352498944
54,COMPLETE,-0.28693236948669343,-0.28679179175195724,2026-08-10 02:52:41.932836,2026-08-10 02:53:31.417252,49.484416,800,0.010957881118664824,7,3.9738619725291215,0.7638386902712484,0.8072636662657274,0.0097935836131764
55,PRUNED,-0.2884012436774569,-0.28679179175195724,2026-08-10 02:53:31.423646,2026-08-10 02:54:07.229964,35.806318,1000,0.011056204777062734,7,3.7540797499643577,0.7605131934359128,0.8922040254928701,0.01721012938700431
56,COMPLETE,-0.2869224255830883,-0.28679179175195724,2026-08-10 02:54:07.237079,2026-08-10 02:54:49.557045,42.319966,600,0.01002640022660561,8,4.092587126500791,0.727237515582007,0.6966219731921359,0.011380202703402328
57,COMPLETE,-0.2871572524111662,-0.28679179175195724,2026-08-10 02:54:49.563616,2026-08-10 02:56:34.876932,105.313316,900,0.010065116430327545,7,6.6800790428677645,0.716609311406361,0.6556402248256016,0.01019992028296989
58,PRUNED,-0.38885725574240815,-0.28679179175195724,2026-08-10 02:56:34.900858,2026-08-10 02:57:13.699365,38.798507,700,0.21370406661903535,8,5.19886899589167,0.7393163280995568,0.7039100700715956,0.02851290656369794
59,PRUNED,-0.2881858710388328,-0.28679179175195724,2026-08-10 02:57:13.725920,2026-08-10 02:58:13.223557,59.497637,800,0.013133826212551679,7,3.9577894112839522,0.7797680380659956,0.7331386387536979,0.04160301262644534
60,COMPLETE,-0.28690746833735464,-0.28679179175195724,2026-08-10 02:58:13.249859,2026-08-10 02:59:04.363906,51.114047,400,0.016925694920845048,6,2.584262322616073,0.7470627810807102,0.6840534181017324,0.01734492521777358
61,PRUNED,-0.287290601216761,-0.28679179175195724,2026-08-10 02:59:04.388166,2026-08-10 02:59:45.231408,40.843242,400,0.016878719808993144,6,2.515892675824841,0.7174556407314454,0.6895766412588697,0.018042654326083866
62,COMPLETE,-0.2868350028598544,-0.28679179175195724,2026-08-10 02:59:45.253750,2026-08-10 03:00:45.254515,60.000765,400,0.015190854255646249,6,2.331990814209732,0.7507983883065513,0.6902908622184825,0.00952800849692059
63,COMPLETE,-0.2870960106145305,-0.28679179175195724,2026-08-10 03:00:45.281332,2026-08-10 03:01:35.968078,50.686746,400,0.019575104358768445,5,2.578857857231894,0.7412288733649119,0.6931555528430571,0.007872582144239262
